seed,ppo_bps
2000,41.871038577595186
2001,40.145852252070185
2002,39.25686842962744
2003,43.10589316204815
2004,40.60417921961231
